"","diversity","emmean","SE","df","lower.CL","upper.CL"
"1","TD",0.880782518098788,0.0367884549821852,4.18394565711761,0.780388252288329,0.981176783909246
"2","FD",0.818429020815134,0.0367884549821851,4.18394565711776,0.718034755004676,0.918823286625591
"3","PD",0.615340161538216,0.0367884549821849,4.18394565711773,0.514945895727758,0.715734427348673
