"","pairs","emmean","SE","df","lower.CL","upper.CL"
"1","LBF vs SF",0.101213561460369,0.0457827350644646,1.09989106889391,-0.369384119487958,0.571811242408696
"2","LF vs LBF",0.0614874028732325,0.0457827350644647,1.09989106889391,-0.409110278075089,0.532085083821554
"3","LF vs SF",0.213323580447866,0.0457827350644647,1.09989106889391,-0.257274100500455,0.683921261396187
"4","UF vs LBF",0.10802181268051,0.0457827350644647,1.09989106889391,-0.362575868267811,0.578619493628831
"5","UF vs LF",0.0944420646047243,0.0457827350644647,1.09989106889391,-0.376155616343597,0.565039745553046
"6","UF vs SF",0.287177750164694,0.0457827350644647,1.09989106889391,-0.183419930783627,0.757775431113015
