"","q_value","emmean","SE","df","lower.CL","upper.CL"
"1","q0",0.111799407592023,0.045139608210057,1.03938889321704,-0.412856121792572,0.636454936976618
"2","q1",0.165515279875875,0.0451396082100572,1.03938889321704,-0.359140249508715,0.690170809260466
"3","q2",0.155518398647799,0.0451396082100574,1.03938889321704,-0.369137130736792,0.680173928032391
